,accuracy,loss
0,tensor(0.5967),1.0110261201858521
1,tensor(0.4800),1.0198504573106766
2,tensor(0.5400),0.9874014592170716
3,tensor(0.6967),0.8210425701737404
4,tensor(0.7100),0.6956043836474418
5,tensor(0.8833),0.5250623494386673
6,tensor(0.8767),0.41856154188513756
7,tensor(0.9200),0.3384869430959225
8,tensor(0.9100),0.2733080194890499
9,tensor(0.9867),0.22180288761854172
