,accuracy,loss
0,tensor(0.4967),1.016252831220627
1,tensor(0.5500),0.9811995530128479
2,tensor(0.5967),0.9678031915426254
3,tensor(0.6833),0.8127169081568718
4,tensor(0.7067),0.6942325776815415
5,tensor(0.7433),0.6144453132152558
6,tensor(0.8933),0.45086894303560254
7,tensor(0.8867),0.35379249915480615
8,tensor(0.9200),0.2764996687322855
9,tensor(0.9233),0.24424327418208122
10,tensor(0.9267),0.20784386925399304
11,tensor(0.9667),0.18195756494998933
12,tensor(0.9867),0.14339361406862736
