,accuracy,loss
0,tensor(0.5300),0.9997735297679902
1,tensor(0.6100),0.9793747568130493
2,tensor(0.6433),0.9038692688941956
3,tensor(0.6800),0.6784522822499275
4,tensor(0.6967),0.6695544186234474
5,tensor(0.7933),0.595101298391819
6,tensor(0.8667),0.41179685860872267
7,tensor(0.8767),0.34522524788975717
8,tensor(0.9100),0.30346592754125595
9,tensor(0.9333),0.2610237629711628
10,tensor(0.9867),0.22207565270364285
