,accuracy,loss
0,tensor(0.5367),0.9982634633779526
1,tensor(0.5467),0.99058400452137
2,tensor(0.5267),0.9763673967123032
3,tensor(0.7433),0.9186258900165558
4,tensor(0.8167),0.7795422691106796
5,tensor(0.8500),0.5697244098782539
6,tensor(0.8267),0.4198696492612362
7,tensor(0.8733),0.36063199013471603
8,tensor(0.9167),0.3159103631973267
9,tensor(0.8767),0.33311879947781564
10,tensor(0.9500),0.266612776517868
11,tensor(0.9167),0.23556265592575074
12,tensor(0.9967),0.20430791974067689
