,accuracy,loss
0,tensor(0.5133),0.9966007417440415
1,tensor(0.5000),1.0095867592096328
2,tensor(0.5767),0.9854099172353744
3,tensor(0.5867),0.9326942479610443
4,tensor(0.8267),0.5615772262215615
5,tensor(0.8200),0.4178835318982601
6,tensor(0.8100),0.36689324796199796
7,tensor(0.8700),0.3383891972899437
8,tensor(0.9000),0.3120168599486351
9,tensor(0.8667),0.3081983109563589
10,tensor(0.9467),0.2795810905098915
11,tensor(0.9700),0.23113763928413392
