,accuracy,loss
0,tensor(0.4867),1.0226322662830354
1,tensor(0.5033),0.99688933968544
2,tensor(0.5267),1.0025049728155135
3,tensor(0.5067),1.001142527461052
4,tensor(0.4933),1.0025418394804
5,tensor(0.4900),0.9942065870761871
6,tensor(0.5333),0.9861501997709274
7,tensor(0.5567),0.9631007236242294
8,tensor(0.6700),0.8472090664505959
9,tensor(0.7567),0.6634603881835938
10,tensor(0.7767),0.4806368288397789
11,tensor(0.9000),0.35146990202367306
12,tensor(0.9900),0.26190855115652084
