,accuracy,loss
0,tensor(0.5133),1.0204899179935456
1,tensor(0.5500),0.9877882325649261
2,tensor(0.5867),0.8995593446493149
3,tensor(0.7300),0.6759468002617359
4,tensor(0.8333),0.5059837418794632
5,tensor(0.8867),0.35769437342882154
6,tensor(0.9667),0.2801567697525024
7,tensor(0.9967),0.2075947105884552
