,accuracy,loss
0,tensor(0.5300),1.0096672356128693
1,tensor(0.5167),1.0141832584142685
2,tensor(0.5367),1.0011225682497025
3,tensor(0.6133),0.8924926656484604
4,tensor(0.7600),0.6768592423200608
5,tensor(0.8600),0.48335829451680185
6,tensor(0.8800),0.387079718708992
7,tensor(0.8633),0.3169529163837433
8,tensor(0.9167),0.28413094863295557
9,tensor(0.9333),0.22781439542770385
10,tensor(0.9267),0.19118653573095798
11,tensor(0.9533),0.18641521021723748
12,tensor(0.9767),0.14788682587444782
