,accuracy,loss
0,tensor(0.5233),1.0069937819242478
1,tensor(0.5633),0.9875417733192444
2,tensor(0.5400),0.9984457474946976
3,tensor(0.6200),0.8996230292320252
4,tensor(0.7600),0.6481503036618232
5,tensor(0.8267),0.5316624131798744
6,tensor(0.7933),0.535992219299078
7,tensor(0.8600),0.42524683445692063
8,tensor(0.8700),0.3434096050262451
9,tensor(0.9200),0.2768337106704712
10,tensor(0.9500),0.24099388733506202
11,tensor(0.9467),0.23780867002904416
12,tensor(0.9700),0.19583508919924497
