,accuracy,loss
0,tensor(0.5233),1.044035278558731
1,tensor(0.5100),1.0062440180778502
2,tensor(0.5700),0.9736128342151642
3,tensor(0.6067),0.8747132015228272
4,tensor(0.6767),0.7763921201229096
5,tensor(0.7267),0.7082470440864563
6,tensor(0.7500),0.6609178188443184
7,tensor(0.8033),0.571612149477005
8,tensor(0.8767),0.47706795066595076
9,tensor(0.9200),0.37621991373598573
10,tensor(0.9300),0.3324574864655733
11,tensor(0.9300),0.3376477337628603
12,tensor(0.9700),0.2771598733961582
