,accuracy,loss
0,tensor(0.5233),1.0276937288045884
1,tensor(0.5700),0.9925392341613769
2,tensor(0.5433),0.9627200520038605
3,tensor(0.6833),0.8464297366142273
4,tensor(0.7600),0.6075084391236305
5,tensor(0.8233),0.46604734405875203
6,tensor(0.8467),0.3884596794843674
7,tensor(0.8167),0.37073075845837594
8,tensor(0.8733),0.33721731439232827
9,tensor(0.8967),0.3138254946470261
10,tensor(0.9433),0.2930039751529694
11,tensor(0.9667),0.25921222612261774
12,tensor(0.9767),0.21394368514418602
