,accuracy,loss
0,tensor(0.5033),1.0123197609186172
1,tensor(0.5600),0.9866684132814407
2,tensor(0.5233),1.0014471131563187
3,tensor(0.5867),0.966015031337738
4,tensor(0.5633),0.9662848061323166
5,tensor(0.6967),0.7910588264465332
6,tensor(0.8400),0.5633173683285713
7,tensor(0.8600),0.3797921217978001
8,tensor(0.8767),0.3246734710037708
9,tensor(0.9300),0.27429235830903054
10,tensor(0.9533),0.23984592095017432
11,tensor(0.9533),0.21461304493248462
12,tensor(0.9700),0.18625254061073065
