,accuracy,loss
0,tensor(0.5000),1.009367796778679
1,tensor(0.5167),0.9976686859130859
2,tensor(0.5167),1.0047096771001816
3,tensor(0.5167),0.9989957708120346
4,tensor(0.5800),0.8927314084768295
5,tensor(0.6967),0.6708280047774315
6,tensor(0.7633),0.582413855791092
7,tensor(0.7933),0.5177783381938934
8,tensor(0.8967),0.40741492062807083
9,tensor(0.9100),0.3293767540156841
10,tensor(0.9333),0.2760316476225853
11,tensor(0.9433),0.23731865286827086
12,tensor(0.9900),0.17817096285521983
