,accuracy,loss
0,tensor(0.4900),1.0190170246362686
1,tensor(0.5167),0.9993727290630341
2,tensor(0.5833),0.9870648676156998
3,tensor(0.5967),0.9671302956342697
4,tensor(0.6933),0.9005046409368515
5,tensor(0.6500),0.7831452929973602
6,tensor(0.7033),0.6653557166457176
7,tensor(0.7200),0.5995433390140533
8,tensor(0.8567),0.49848156750202177
9,tensor(0.9133),0.3495169696211815
10,tensor(0.9167),0.2555799588561058
11,tensor(0.9567),0.22219984456896782
12,tensor(1.),0.16381990160793067
