,accuracy,loss
0,tensor(0.5033),1.0130342906713485
1,tensor(0.5833),0.9804837924242019
2,tensor(0.6600),0.8955318599939346
3,tensor(0.7167),0.6848319333791733
4,tensor(0.6567),0.6433040621876717
5,tensor(0.7733),0.5376093998551369
6,tensor(0.8467),0.38681805431842803
7,tensor(0.8800),0.33012854516506196
8,tensor(0.9500),0.2683109739422798
9,tensor(0.9600),0.2033575490117073
10,tensor(0.9833),0.1358317528665066
