,accuracy,loss
0,tensor(0.4967),1.0230426239967345
1,tensor(0.5200),1.0036121839284897
2,tensor(0.5567),0.9939659482240677
3,tensor(0.5667),0.9756214219331741
4,tensor(0.6167),0.9650804752111435
5,tensor(0.6500),0.9359951680898666
6,tensor(0.6800),0.785028447508812
7,tensor(0.7867),0.6306769424676895
8,tensor(0.8733),0.48702596336603166
9,tensor(0.9267),0.3659466154873371
10,tensor(0.9600),0.2862772020697594
11,tensor(0.9533),0.2524901083111763
12,tensor(0.9833),0.21299830883741377
