,accuracy,loss
0,tensor(0.5333),1.001286050081253
1,tensor(0.5567),0.9810893768072129
2,tensor(0.6600),0.8957086795568466
3,tensor(0.7400),0.6841535612940788
4,tensor(0.7800),0.6148213335871696
5,tensor(0.8600),0.44674879252910615
6,tensor(0.8667),0.36448364198207855
7,tensor(0.9100),0.3309333702921867
8,tensor(0.9067),0.30539531841874124
9,tensor(0.9333),0.2777583806216717
10,tensor(0.9633),0.24925993978977204
11,tensor(1.),0.19919298641383648
