,accuracy,loss
0,tensor(0.5300),1.0102876555919647
1,tensor(0.5833),0.9735018050670624
2,tensor(0.6200),0.9125500565767288
3,tensor(0.7700),0.6782189610600472
4,tensor(0.8467),0.45610949605703355
5,tensor(0.8433),0.36655751571059225
6,tensor(0.8633),0.34254018679261206
7,tensor(0.8433),0.3376290029287338
8,tensor(0.8700),0.342218923419714
9,tensor(0.8867),0.32316980078816415
10,tensor(0.9400),0.29236518904566766
11,tensor(0.9533),0.27220517456531523
12,tensor(1.),0.23731905624270438
